ROI,PN,Brush (2 of 3),VF0.16 (any),VF2.0 (any),AirPuff (2of3),Cold (any),Heat (Any),Cut. Input
438.001,0,1,1,1,,1,1,1
438.002,0,1,1,1,,0,1,1
438.003,0,1,1,1,,1,1,1
438.004,0,1,0,0,,0,0,1
438.005,0,1,1,0,,0,1,1
438.006,0,1,0,0,,0,1,1
438.007,0,1,1,0,,1,1,1
438.008,0,0,0,0,,0,0,1
438.009,0,1,1,1,,1,0,1
438.010,0,1,0,1,,0,0,1
438.011,0,0,0,0,,0,0,1
438.012,0,0,0,0,,0,0,1
438.013,0,1,1,1,,0,1,1
438.014,0,1,1,1,,0,0,1
438.015,0,0,1,0,,0,1,1
438.016,0,1,1,1,,1,1,1
438.017,0,0,1,1,,1,1,1
438.018,0,1,1,0,,0,1,1
438.019,0,0,1,1,,0,1,1
438.020,0,0,1,1,,0,1,1
438.021,0,1,0,1,,0,1,1
438.022,0,1,1,1,,1,1,1
438.023,0,1,0,1,,0,0,1
438.024,0,0,0,1,,1,0,1
438.025,0,0,1,0,,1,1,1
438.026,0,1,1,1,,0,1,1
438.027,0,1,1,1,,0,1,1
438.028,0,0,0,0,,0,0,1
438.029,0,0,1,0,,1,1,1
438.030,0,0,0,0,,1,1,1
438.031,0,0,0,0,,1,1,1
438.032,0,1,0,0,,0,0,1
438.033,0,1,0,0,,0,0,1
438.034,0,1,1,1,,1,1,1
438.035,0,0,0,1,,1,1,1
438.036,0,0,0,0,,1,1,1
438.037,0,1,1,0,,0,1,1
438.038,0,1,1,0,,0,1,1
438.039,0,1,0,0,,0,0,1
438.040,0,1,0,0,,0,0,1
438.041,0,1,0,0,,0,0,1
438.042,0,1,1,1,,0,1,1
438.043,0,0,0,0,,1,0,1
438.044,0,1,0,0,,0,1,1
438.045,0,0,0,0,,0,0,1
438.046,0,0,1,0,,0,1,1
438.047,0,1,1,1,,0,1,1
438.048,0,1,1,1,,1,1,1
438.049,0,0,1,1,,1,1,1
438.050,0,1,1,1,,0,1,1
438.051,0,0,0,0,,1,1,1
438.052,0,1,0,1,,1,1,1
438.053,0,0,1,1,,0,1,1
438.054,0,0,1,1,,1,1,1
438.055,0,0,1,1,,1,1,1
438.056,0,0,1,1,,1,0,1
438.057,0,0,1,1,,0,0,1
438.058,0,0,1,1,,0,1,1
438.059,0,0,1,1,,0,0,1
438.060,0,0,1,1,,0,1,1
438.061,0,0,1,0,,0,0,1
438.062,0,0,1,1,,0,1,1
438.063,0,0,1,1,,0,1,1
438.064,0,0,1,0,,0,0,1
438.065,0,0,1,1,,0,1,1
438.066,0,1,1,1,,0,0,1
438.067,0,0,1,1,,1,1,1
438.068,0,0,1,1,,0,0,1
438.069,0,0,1,1,,1,1,1
438.070,0,0,1,0,,1,0,1
438.071,0,0,0,1,,0,1,1
438.072,0,0,0,1,,0,1,1
438.073,0,1,0,1,,1,1,1
438.074,0,0,0,1,,0,1,1
438.075,0,0,0,1,,0,1,1
438.076,0,0,0,1,,0,1,1
438.077,0,0,0,1,,0,0,1
438.078,0,0,0,1,,1,1,1
438.079,0,0,0,1,,0,1,1
438.080,0,0,1,1,,0,0,1
438.081,0,0,0,1,,0,0,1
438.082,0,0,1,1,,0,1,1
438.083,0,0,1,1,,0,0,1
438.084,0,0,0,1,,1,1,1
438.085,0,1,1,1,,0,1,1
438.086,0,0,1,1,,0,0,1
438.087,0,0,1,1,,0,0,1
438.088,0,0,1,1,,0,0,1
438.089,0,0,1,1,,0,0,1
438.090,0,0,0,1,,0,0,1
438.091,0,1,0,1,,0,1,1
438.092,0,0,0,1,,0,0,1
438.093,0,0,0,1,,0,0,1
438.094,0,0,1,1,,0,0,1
438.095,0,0,1,1,,1,1,1
438.096,0,0,1,1,,0,0,1
438.097,0,0,0,1,,0,1,1
438.098,0,1,1,1,,0,0,1
438.099,0,1,0,1,,0,1,1
438.100,0,0,0,1,,0,1,1
438.101,0,0,0,1,,0,0,1
438.102,0,1,0,1,,1,1,1
438.103,0,0,1,1,,0,0,1
438.104,0,0,1,1,,1,0,1
438.105,0,0,0,0,,1,1,1
438.106,0,0,0,0,,1,1,1
438.107,0,0,0,0,,0,1,1
438.108,0,0,0,1,,1,1,1
438.109,0,0,0,1,,0,1,1
438.110,0,1,0,1,,0,1,1
438.111,0,0,0,0,,0,1,1
438.112,0,0,0,0,,0,1,1
438.113,0,0,1,1,,1,1,1
438.114,0,0,1,0,,0,1,1
438.115,0,0,1,1,,1,1,1
438.116,0,1,0,0,,0,0,1
438.117,0,1,1,1,,1,1,1
438.118,0,0,1,1,,1,1,1
438.119,0,0,0,0,,1,0,1
438.120,0,0,1,0,,0,0,1
438.121,0,0,0,0,,1,0,1
438.122,0,0,0,1,,1,1,1
438.123,0,0,0,0,,1,1,1
438.124,0,0,1,0,,0,0,1
438.125,0,0,0,0,,1,0,1
438.126,0,0,0,0,,1,0,1
438.127,0,0,0,0,,0,0,1
438.128,0,0,0,0,,0,1,1
438.129,0,0,0,1,,0,1,1
438.130,0,0,0,0,,0,0,1
438.131,0,0,0,0,,1,1,1
438.132,0,0,0,0,,0,1,1
438.133,0,0,0,0,,1,1,1
438.134,0,0,0,0,,0,0,1
438.135,0,0,0,0,,0,0,1
438.136,0,0,0,0,,0,0,1
438.137,0,0,0,1,,0,1,1
438.138,0,0,0,0,,0,0,1
438.139,0,0,0,0,,0,1,1
438.140,0,0,0,0,,0,0,1
438.141,0,0,0,0,,1,1,1
438.142,0,0,0,1,,0,1,1
438.143,0,0,0,0,,0,0,1
438.144,0,0,0,0,,0,1,1
438.145,0,0,0,0,,0,0,1
438.146,0,0,0,0,,0,0,1
438.147,0,0,0,0,,0,0,1
438.148,0,0,0,0,,0,0,1
438.149,0,0,0,0,,0,0,1
438.150,0,0,0,0,,0,0,1
438.151,0,0,0,0,,0,0,1
438.152,0,0,0,0,,1,1,1
438.153,0,0,0,0,,0,0,1
438.154,0,0,0,0,,0,0,1
438.155,0,0,0,0,,0,0,1
438.156,0,1,0,0,,0,0,1
438.157,0,0,0,0,,0,0,1
438.158,0,1,0,0,,0,0,1
438.159,0,0,0,0,,1,1,1
438.160,0,0,0,0,,0,0,1
438.161,0,0,0,0,,0,0,1
438.162,0,0,0,0,,0,0,1
438.163,0,0,1,1,,0,0,1
438.164,0,0,1,0,,1,1,1
438.165,0,0,1,1,,0,0,1
438.166,0,0,1,1,,0,0,1
438.167,0,0,1,0,,0,0,1
438.168,0,0,0,0,,0,0,1
438.169,0,0,0,0,,0,0,1
438.170,0,0,0,0,,0,0,1
438.171,0,0,1,1,,0,1,1
438.172,0,0,1,1,,0,0,1
438.173,0,0,0,0,,0,0,1
438.174,0,0,0,1,,0,0,1
438.175,0,0,0,0,,0,1,1
438.176,0,0,0,0,,0,0,1
438.177,0,1,1,0,,0,1,1
438.178,0,1,1,1,,0,1,1
438.179,0,1,0,1,,0,0,1
438.180,0,1,1,1,,0,0,1
438.181,0,0,0,1,,0,0,1
438.182,0,0,1,1,,0,0,1
438.183,0,0,0,0,,0,0,1
438.184,0,0,0,0,,0,0,1
438.185,0,0,0,0,,0,0,1
438.186,0,0,0,1,,0,1,1
438.187,0,0,0,0,,0,0,1
438.188,0,0,0,0,,0,0,1
438.189,0,0,0,0,,1,1,1
438.190,0,0,1,1,,0,0,1
438.191,0,0,0,1,,0,0,1
438.192,0,0,0,1,,0,1,1
438.193,0,1,0,1,,0,1,1
438.194,0,0,0,0,,0,0,1
438.195,0,0,0,0,,0,1,1
438.196,0,0,0,0,,0,0,1
438.197,0,0,0,1,,0,0,1
438.198,0,0,0,0,,0,1,1
438.199,0,0,0,0,,0,0,1
438.200,0,0,0,0,,0,0,1
438.201,0,0,0,0,,0,0,1
438.202,0,0,0,0,,0,0,1
438.203,0,0,0,0,,0,0,1
438.204,0,0,1,1,,0,0,1
438.205,0,0,1,0,,0,0,1
438.206,0,0,0,0,,0,0,1
438.207,0,0,0,1,,0,1,1
438.208,0,0,0,1,,0,0,1
438.209,0,0,0,0,,0,0,1
438.210,0,0,0,0,,0,0,1
438.211,0,0,0,0,,0,0,1
438.212,0,0,0,0,,0,0,1
438.213,0,0,0,1,,0,0,1
438.214,0,0,0,1,,0,0,1
438.215,0,0,0,0,,0,0,1
438.216,0,0,0,0,,0,0,1
438.217,0,0,0,1,,0,1,1
438.218,0,0,0,0,,0,0,1
438.219,0,0,0,0,,0,0,1
438.220,0,0,0,0,,0,0,1
438.221,0,0,0,0,,0,0,1
438.222,0,0,0,1,,0,0,1
438.223,0,0,0,0,,0,0,1
438.224,0,0,0,0,,1,0,1
438.225,0,0,0,0,,0,0,1
438.226,0,0,0,1,,0,0,1
438.227,0,0,0,0,,0,0,1
438.228,0,1,0,0,,0,0,1
438.229,0,0,0,0,,0,0,1
438.230,0,0,0,0,,0,0,1
438.231,0,0,0,0,,0,0,1
438.232,0,0,0,0,,0,0,1
438.233,0,0,0,0,,1,0,1
438.234,0,0,0,0,,0,0,1
438.235,0,0,1,1,,0,1,1
438.236,0,0,1,1,,0,0,1
438.237,0,0,0,1,,0,0,1
438.238,0,0,0,0,,0,0,1
438.239,0,0,0,0,,0,0,1
438.240,0,0,1,1,,0,0,1
438.241,0,0,0,0,,0,0,1
438.242,0,0,1,1,,1,1,1
438.243,0,0,1,1,,0,0,1
438.244,0,0,0,0,,0,0,1
438.245,0,0,0,0,,0,0,1
438.246,0,0,0,0,,0,0,1
438.247,0,0,0,0,,0,0,1
438.248,0,0,0,0,,0,0,1
438.249,0,0,0,0,,0,0,1
438.250,0,1,1,1,,0,0,1
438.251,0,0,0,0,,0,0,1
438.252,0,0,0,0,,0,1,1
438.253,0,0,1,1,,0,1,1
438.254,0,0,0,0,,0,1,1
438.255,0,1,0,1,,0,1,1
438.256,0,0,0,1,,1,1,1
438.257,0,0,0,0,,0,1,1
438.258,0,0,0,0,,0,0,1
438.259,0,1,0,1,,0,0,1
438.260,0,0,0,0,,0,0,1
438.261,0,0,0,0,,0,0,1
438.262,0,0,0,0,,0,0,1
438.263,0,1,1,1,,1,1,1
438.264,0,0,0,1,,0,1,1
438.265,0,0,1,1,,0,0,1
438.266,0,0,1,1,,1,0,1
438.267,0,0,0,0,,0,1,1
438.268,0,0,1,1,,0,0,1
438.269,0,0,1,1,,0,0,1
438.270,0,1,0,0,,1,1,1
438.271,0,0,1,1,,1,1,1
438.272,0,0,1,0,,0,0,1
438.273,0,0,0,0,,0,0,1
438.274,0,0,0,0,,0,1,1
438.275,0,1,1,1,,0,1,1
438.276,0,0,0,1,,0,1,1
438.277,0,0,0,0,,0,0,1
438.278,0,0,1,1,,0,1,1
438.279,0,1,1,1,,1,1,1
438.280,0,0,0,0,,0,0,1
438.281,0,0,0,0,,0,0,1
438.282,0,0,1,1,,1,1,1
438.283,0,0,0,0,,1,0,1
438.284,0,0,0,1,,0,0,1
438.285,0,0,0,0,,0,0,1
438.286,0,0,0,0,,0,0,1
438.287,0,0,0,0,,0,0,1
438.288,0,0,0,0,,0,0,1
438.289,0,0,0,0,,0,0,1
438.290,0,0,0,1,,1,1,1
438.291,0,0,0,0,,0,0,1
438.292,0,1,0,0,,0,0,1
438.293,0,0,1,1,,0,1,1
438.294,0,0,0,0,,0,0,1
438.295,0,0,0,1,,0,1,1
438.296,0,1,0,0,,0,0,1
438.297,0,0,1,1,,0,0,1
438.298,0,1,0,1,,1,1,1
438.299,0,0,1,0,,0,0,1
438.300,0,0,0,0,,0,0,1
438.301,0,0,1,0,,0,0,1
438.302,0,0,0,0,,0,0,1
438.303,0,0,0,0,,0,0,1
438.304,0,0,0,0,,0,0,1
438.305,0,0,0,0,,1,1,1
438.306,0,0,0,0,,0,0,1
438.307,0,0,0,0,,0,0,1
438.308,0,1,0,1,,1,1,1
438.309,0,1,0,1,,1,1,1
438.310,0,0,0,1,,0,0,1
438.311,0,0,0,0,,1,0,1
438.312,0,1,0,0,,0,0,1
438.313,0,0,0,0,,0,0,1
438.314,0,0,0,0,,0,0,1
438.315,0,0,0,0,,1,1,1
438.316,0,0,0,1,,1,1,1
438.317,0,0,0,0,,1,0,1
438.318,0,0,0,0,,0,0,1
438.319,0,0,0,1,,0,1,1
438.320,0,0,0,0,,0,0,1
438.321,0,0,0,0,,0,0,1
438.322,0,0,0,0,,0,0,1
438.323,0,0,0,0,,0,0,1
438.324,0,0,0,0,,0,0,1
438.325,0,1,0,0,,0,0,1
438.326,0,0,0,0,,0,0,1
438.327,0,0,0,0,,0,0,1
438.328,0,0,0,0,,0,0,1
438.329,0,0,0,0,,0,0,1
438.330,0,0,0,1,,0,0,1
438.331,0,1,0,1,,0,1,1
438.332,0,0,0,0,,1,0,1
438.333,0,0,0,0,,0,0,1
438.334,0,0,0,0,,0,0,1
438.335,0,0,1,0,,0,1,1
438.336,0,0,1,1,,0,1,1
438.337,0,0,0,0,,1,1,1
438.338,0,0,0,0,,0,1,1
438.339,0,1,0,1,,0,1,1
438.340,0,0,0,1,,0,1,1
438.341,0,0,0,1,,1,1,1
438.342,0,0,0,0,,0,0,1
438.343,0,0,0,1,,0,1,1
438.344,0,0,0,1,,1,1,1
438.345,0,0,0,0,,0,1,1
438.346,0,0,0,0,,0,0,1
438.347,0,0,0,0,,0,0,1
438.348,0,0,0,0,,0,0,1
438.349,0,0,0,0,,0,0,1
438.350,0,0,0,0,,0,0,1
438.351,0,0,0,0,,0,0,1
438.352,0,0,0,0,,0,1,1
438.353,0,1,0,0,,0,0,1
438.354,0,0,0,0,,0,0,1
438.355,0,0,0,0,,0,0,1
438.356,0,1,0,0,,1,0,1
438.357,0,0,0,0,,0,0,1
438.358,0,0,0,1,,1,0,1
438.359,0,0,0,0,,0,0,1
438.360,0,0,0,0,,0,0,1
438.361,0,0,0,0,,0,0,1
438.362,0,0,0,0,,0,0,1
438.363,0,0,0,0,,0,0,1
438.364,0,0,0,0,,0,1,1
438.365,0,0,0,0,,0,0,1
438.366,0,0,0,0,,0,1,1
438.367,0,0,0,0,,0,0,1
438.368,0,0,0,0,,0,0,1
438.369,0,0,0,0,,0,0,1
438.370,0,0,0,1,,0,0,1
438.371,0,0,0,0,,1,0,1
438.372,0,0,1,0,,0,1,1
438.373,0,0,1,0,,0,0,1
438.374,0,0,0,0,,0,0,1
438.375,0,0,0,0,,0,0,1
438.376,0,0,0,0,,0,0,0
438.377,0,0,0,0,,0,1,1
438.378,0,0,0,0,,0,0,1
438.379,0,0,1,0,,0,1,1
438.380,0,0,0,0,,0,0,1
438.381,0,0,0,0,,0,1,1
438.382,0,0,0,1,,0,0,1
438.383,0,0,1,1,,1,1,1
438.384,0,0,0,0,,0,0,1
438.385,0,0,0,0,,0,0,1
438.386,0,1,1,1,,1,0,1
438.387,0,0,0,0,,0,0,1
438.388,0,0,0,0,,0,0,1
438.389,0,0,1,1,,0,0,1
438.390,0,0,0,0,,0,0,1
438.391,0,0,0,0,,0,0,1
438.392,0,0,1,1,,0,1,1
438.393,0,0,0,0,,1,0,1
438.394,0,0,0,0,,0,0,1
438.395,0,0,0,0,,0,0,1
438.396,0,0,1,1,,0,0,1
438.397,0,0,0,1,,0,0,1
438.398,0,0,0,1,,0,0,1
438.399,0,0,0,1,,0,1,1
438.400,0,0,0,1,,0,0,1
438.401,0,0,1,0,,0,1,1
438.402,0,0,1,0,,0,1,1
438.403,0,0,0,0,,0,1,1
438.404,0,0,0,0,,0,0,1
438.405,0,0,0,0,,0,0,1
438.406,0,0,1,1,,0,0,1
438.407,0,0,0,0,,0,0,1
438.408,0,0,1,1,,0,0,1
438.409,0,0,0,0,,0,0,1
438.410,0,0,0,0,,0,0,1
438.411,0,0,0,0,,0,0,1
438.412,0,1,0,1,,0,0,1
438.413,0,0,0,1,,0,0,1
438.414,0,0,0,0,,1,0,1
438.415,0,0,0,1,,0,1,1
438.416,0,0,0,0,,0,1,1
438.417,0,1,1,1,,1,1,1
438.418,0,0,0,0,,0,0,1
438.419,0,0,0,0,,0,0,1
438.420,0,1,1,1,,0,0,1
438.421,0,0,0,0,,0,0,1
438.422,0,0,0,0,,0,0,1
438.423,0,1,1,1,,1,1,1
438.424,0,0,1,1,,1,0,1
438.425,0,0,1,1,,1,1,1
438.426,0,0,1,1,,1,0,1
438.427,0,0,0,0,,0,0,1
438.428,0,1,0,1,,0,0,1
438.429,0,0,0,0,,0,0,1
438.430,0,1,1,1,,0,0,1
438.431,0,1,1,1,,1,1,1
438.432,0,0,0,0,,1,0,1
438.433,0,0,1,1,,1,1,1
438.434,0,0,0,1,,1,1,1
438.435,0,0,0,1,,1,1,1
438.436,0,0,0,0,,0,0,1
438.437,0,1,0,0,,0,0,1
438.438,0,1,1,1,,0,0,1
438.439,0,0,0,1,,0,1,1
438.440,0,0,0,0,,0,1,1
438.441,0,0,0,1,,1,0,1
438.442,0,0,0,1,,1,1,1
438.443,0,0,0,1,,1,1,1
438.444,0,0,0,0,,1,1,1
438.445,0,0,0,1,,0,0,1
438.446,0,0,1,1,,0,1,1
438.447,0,0,0,1,,1,1,1
438.448,0,0,0,0,,0,1,1
438.449,0,0,0,1,,0,1,1
438.450,0,0,0,1,,0,0,1
438.451,0,0,0,1,,0,1,1
438.452,0,0,1,1,,0,1,1
438.453,0,0,0,1,,1,1,1
438.454,0,1,1,1,,1,1,1
438.455,0,0,1,1,,0,1,1
438.456,0,0,0,0,,0,0,1
438.457,0,1,0,0,,0,0,1
438.458,0,1,1,1,,0,1,1
438.459,0,0,0,0,,0,0,1
438.460,0,0,1,1,,1,1,1
438.461,0,0,1,1,,1,0,1
438.462,0,0,1,1,,0,0,1
438.463,0,0,0,0,,0,0,1
438.464,0,0,0,1,,0,0,1
438.465,0,0,0,0,,1,0,1
438.466,0,0,0,0,,0,1,1
438.467,0,1,1,0,,0,1,1
438.468,0,1,0,1,,0,1,1
438.469,0,0,0,0,,0,0,1
438.470,0,0,0,0,,0,0,1
438.471,0,1,1,1,,1,1,1
438.472,0,0,0,0,,0,0,1
438.473,0,0,0,0,,0,0,1
438.474,0,0,0,1,,0,0,1
438.475,0,0,0,0,,0,0,1
438.476,0,0,0,0,,0,0,1
438.477,0,0,0,0,,0,0,1
438.478,0,0,0,0,,0,0,1
438.479,0,0,0,0,,0,0,1
438.480,0,0,0,0,,0,0,1
438.481,0,0,0,0,,0,0,1
438.482,0,0,0,0,,0,1,1
438.483,0,0,1,1,,0,1,1
438.484,0,1,1,1,,0,1,1
438.485,0,0,0,0,,0,1,1
438.486,0,0,1,1,,0,1,1
438.487,0,0,0,0,,0,1,1
438.488,0,0,0,1,,0,1,1
438.489,0,0,0,0,,0,0,1
438.490,0,0,0,0,,0,0,1
438.491,0,0,0,1,,0,0,1
438.492,0,0,0,0,,0,0,1
438.493,0,0,0,0,,0,0,1
438.494,0,0,0,0,,0,0,1
438.495,0,0,0,0,,0,0,1
438.496,0,0,1,1,,0,0,1
438.497,0,0,1,1,,0,0,1
438.498,0,0,1,1,,0,0,1
438.499,0,1,1,1,,0,0,1
438.500,0,0,0,0,,0,0,1
438.501,0,0,0,0,,1,1,1
438.502,0,0,0,0,,0,0,1
438.503,0,0,0,0,,0,0,1
438.504,0,0,0,0,,0,0,1
438.505,0,0,0,0,,0,1,1
438.506,0,0,0,0,,1,1,1
438.507,0,0,0,0,,0,0,1
438.508,0,0,0,1,,1,1,1
438.509,0,0,0,1,,0,0,1
438.510,0,0,0,0,,0,0,1
438.511,0,0,0,0,,0,1,1
438.512,0,1,1,1,,1,1,1
438.513,0,0,1,1,,1,1,1
438.514,0,1,1,1,,1,1,1
438.515,0,0,0,0,,0,0,1
444.001,1,1,1,1,1,1,1,1
444.002,,1,1,1,0,1,1,1
444.003,,1,1,1,0,0,1,1
444.004,,1,0,1,0,0,0,1
444.005,,1,1,1,0,1,1,1
444.006,,1,1,1,1,1,1,1
444.007,,1,1,1,0,1,1,1
444.008,,1,0,1,0,0,0,1
444.009,,1,1,1,1,1,1,1
444.010,,1,1,1,0,1,1,1
444.011,,1,1,1,0,1,1,1
444.012,,1,1,1,0,1,1,1
444.013,,1,1,1,0,1,1,1
444.014,1,1,1,1,0,1,1,1
444.015,,1,1,1,0,1,1,1
444.016,1,0,1,1,0,0,1,1
444.017,,1,1,1,0,1,1,1
444.019,,1,0,1,0,1,1,1
444.020,,1,1,1,0,0,1,1
444.021,,1,1,1,1,1,0,1
444.022,,1,1,1,1,1,1,1
444.023,,1,1,1,0,1,1,1
444.024,,0,1,1,0,1,1,1
444.025,,1,1,1,0,0,0,1
444.026,,1,1,1,0,1,1,1
444.027,,1,1,1,0,0,1,1
444.028,,0,0,0,0,0,0,1
444.029,,1,0,1,0,1,1,1
444.030,,1,1,1,1,1,1,1
444.031,,1,0,1,0,0,0,1
444.032,,0,0,1,0,0,1,1
444.034,,0,1,1,0,1,1,1
444.035,,1,0,1,0,0,1,1
444.036,,0,1,1,0,0,1,1
444.037,,0,1,1,0,0,0,1
444.038,,0,0,1,0,0,0,1
444.039,,0,0,1,0,0,1,1
444.041,1,0,0,1,0,0,0,1
444.042,,1,1,1,0,1,1,1
444.043,,1,1,1,0,1,1,1
444.044,,1,1,1,1,1,1,1
444.045,,0,1,1,0,0,1,1
444.046,,0,1,1,0,1,1,1
444.047,,0,0,1,0,0,0,1
444.048,,0,0,1,0,0,0,1
444.049,,0,1,1,0,0,0,1
444.050,,1,1,1,0,1,1,1
444.051,,0,1,1,0,1,1,1
444.052,,0,1,1,0,1,1,1
444.053,,1,0,1,0,0,0,1
444.054,,0,1,1,0,1,1,1
444.055,,0,1,1,0,0,1,1
444.056,,0,1,1,0,1,1,1
444.057,,0,1,1,0,0,0,1
444.058,,0,0,1,0,0,0,1
444.059,,1,0,1,0,0,1,1
444.060,,0,0,1,0,0,0,1
444.061,1,0,0,1,0,0,0,1
444.062,,0,0,1,0,0,1,1
444.063,,1,1,1,0,0,1,1
444.064,,1,1,1,0,0,1,1
444.065,,1,1,1,0,0,1,1
444.066,,1,0,1,0,0,0,1
444.067,,0,0,1,0,1,1,1
444.068,1,0,0,1,0,0,0,1
444.069,,0,1,1,0,0,1,1
444.070,,1,1,1,0,0,1,1
444.071,,0,1,1,0,1,0,1
444.072,,1,0,1,0,0,0,1
444.073,,0,0,1,0,1,0,1
444.074,,0,1,1,0,1,1,1
444.075,,1,0,1,0,0,0,1
444.076,,0,0,1,0,1,1,1
444.077,,0,0,1,0,0,0,1
444.078,,0,0,1,0,0,0,1
444.079,,0,1,1,0,1,1,1
444.080,,1,1,1,0,1,1,1
444.081,,0,0,1,0,0,0,1
444.082,,1,1,1,0,1,1,1
444.083,,1,1,1,0,1,1,1
444.085,,0,0,1,0,0,1,1
444.086,,0,1,1,0,0,1,1
444.087,,0,1,1,0,1,1,1
444.088,,0,1,1,0,0,1,1
444.089,,0,1,1,0,1,1,1
444.091,,0,1,1,0,1,1,1
444.092,,0,1,1,0,0,1,1
444.093,,1,1,1,0,1,0,1
444.094,,0,0,1,0,0,1,1
444.095,,0,1,1,0,0,1,1
444.096,,1,1,1,0,0,0,1
444.097,,0,1,0,0,1,1,1
444.098,,1,1,1,0,0,0,1
444.099,,1,1,1,0,1,1,1
444.100,,0,0,1,0,0,0,1
444.101,,0,1,0,0,0,1,1
444.102,,0,0,1,0,0,1,1
444.103,,1,1,1,0,1,1,1
444.104,,1,1,1,0,0,1,1
444.105,,0,0,1,0,0,1,1
444.106,,0,1,1,0,0,1,1
444.107,,0,1,1,0,0,1,1
444.108,,1,1,1,1,1,1,1
444.109,,1,1,1,1,1,0,1
444.110,,0,0,1,1,1,1,1
444.111,,0,1,1,1,1,1,1
444.112,,1,0,1,0,1,1,1
444.113,,0,1,1,0,1,1,1
444.114,,0,0,1,0,0,1,1
444.115,,0,1,1,0,0,1,1
444.116,,0,0,1,0,0,1,1
444.117,,0,1,1,0,0,1,1
444.118,,0,1,1,0,0,1,1
444.119,,0,0,0,0,0,1,1
444.120,,0,1,1,0,0,1,1
444.121,,0,1,0,0,0,1,1
444.122,,0,0,0,0,0,1,1
444.123,,0,0,0,0,0,1,1
444.124,,0,0,0,0,0,1,1
444.125,,0,1,0,0,0,1,1
444.126,,0,0,0,0,0,1,1
444.127,,0,0,1,0,0,1,1
444.128,,0,0,0,0,1,1,1
444.129,,0,0,0,0,0,1,1
444.130,,0,0,0,0,0,1,1
444.131,,0,0,1,0,1,1,1
444.132,,0,0,0,0,0,1,1
444.133,,0,0,1,0,0,1,1
444.134,,0,1,1,0,0,1,1
444.135,,0,1,1,0,0,1,1
444.136,,0,1,1,0,1,1,1
444.137,,0,0,1,0,1,1,1
444.138,,1,1,1,0,0,1,1
444.139,,0,1,1,0,0,1,1
444.140,,0,0,1,0,0,1,1
444.141,,0,0,1,0,1,1,1
444.142,,1,1,1,0,0,1,1
444.143,,0,0,0,0,0,1,1
444.144,,0,0,0,0,0,1,1
444.145,,1,0,1,0,0,1,1
444.146,,0,0,0,0,0,1,1
444.147,,0,1,1,1,1,1,1
444.148,,1,1,1,0,0,1,1
444.149,,0,0,0,0,1,1,1
444.150,,1,0,1,0,1,0,1
444.151,,0,0,0,0,0,0,1
444.152,,0,0,0,0,0,0,0
444.153,,1,0,1,1,1,0,1
444.154,,0,1,1,0,0,1,1
444.155,,0,0,0,0,1,0,1
444.156,,0,0,0,0,0,1,1
444.157,,1,1,1,0,1,1,1
444.158,,1,1,1,0,0,1,1
444.159,,0,0,1,0,0,1,1
444.160,,0,1,1,0,0,1,1
444.161,,1,0,1,1,0,1,1
444.162,,0,1,1,0,1,1,1
444.163,,0,0,1,0,1,1,1
444.164,,0,1,1,1,0,1,1
444.165,,0,0,0,0,0,1,1
444.166,,0,0,0,0,0,1,1
444.167,,0,1,1,1,1,1,1
444.168,,1,1,1,1,1,1,1
444.169,,0,1,1,0,0,1,1
444.170,,1,1,1,1,0,1,1
444.171,,0,0,1,0,0,1,1
444.172,,1,1,1,0,1,1,1
444.173,,1,1,1,0,1,0,1
444.174,,0,0,1,0,1,0,1
444.175,,0,0,1,0,1,0,1
444.176,,0,0,1,0,0,1,1
444.177,,0,0,0,1,1,1,1
444.178,,0,0,0,0,0,0,0
444.179,,0,0,1,0,0,1,1
444.180,,1,1,1,0,0,1,1
444.181,,0,0,1,0,0,0,1
444.182,,0,0,1,0,0,0,1
444.183,,0,0,1,0,0,0,1
444.184,,0,0,1,0,0,1,1
444.185,,0,0,0,0,0,0,1
444.186,,0,0,0,0,0,0,1
444.187,,0,0,0,0,0,1,1
444.188,,0,0,0,0,0,0,1
444.189,,0,1,0,0,0,1,1
444.190,,0,0,0,0,0,0,1
444.191,,1,0,1,0,1,1,1
444.192,,0,0,1,0,0,1,1
444.193,,0,1,1,0,0,1,1
444.194,,0,0,1,0,1,1,1
444.195,,0,0,1,1,1,1,1
444.196,,0,0,0,0,0,1,1
444.197,,0,0,1,1,1,1,1
444.198,,0,1,1,0,0,0,1
444.199,,0,0,1,0,0,0,1
444.200,,0,0,1,0,0,0,1
444.201,,0,0,1,0,0,1,1
444.202,,0,1,1,0,0,0,1
444.203,,0,0,0,0,1,0,1
444.204,,0,0,1,0,0,0,1
444.205,,0,0,0,0,0,1,1
444.206,,0,0,0,0,0,1,1
444.207,,0,1,1,0,0,1,1
444.208,,0,0,1,0,0,1,1
444.209,,0,0,0,0,0,0,1
444.210,,0,0,0,0,0,1,1
444.211,,0,0,0,0,0,0,1
444.212,,0,0,0,0,0,0,1
444.213,,0,0,1,0,0,0,1
444.214,,0,1,1,0,0,1,1
444.215,,0,0,0,0,0,0,1
444.216,,0,1,0,0,0,1,1
444.217,,1,0,1,0,1,1,1
444.218,,0,1,1,0,0,1,1
444.219,,0,1,0,0,0,1,1
444.220,,1,1,1,0,1,1,1
444.221,,0,0,0,0,0,1,1
444.222,,0,1,1,0,1,1,1
444.223,,0,0,1,1,0,1,1
444.224,,0,0,0,0,1,1,1
444.225,,0,0,1,0,1,1,1
444.226,,0,1,0,0,0,1,1
444.227,,1,0,1,0,0,1,1
444.228,1,1,1,1,1,1,1,1
444.229,,0,0,0,0,0,1,1
444.231,,0,1,1,0,1,1,1
444.232,,0,0,0,1,1,1,1
444.234,,1,1,1,0,1,1,1
444.235,,0,0,0,0,0,0,1
444.236,,0,0,0,0,0,1,1
444.237,,0,0,1,0,0,1,1
444.238,,0,0,1,0,0,1,1
444.239,,0,0,1,0,0,0,1
444.240,,1,1,1,0,1,1,1
444.241,,1,0,1,0,0,1,1
444.242,,0,1,0,0,0,1,1
444.243,,0,0,0,0,1,0,1
444.244,,0,0,1,0,1,1,1
444.245,,0,0,1,0,0,0,1
444.246,,0,1,1,0,0,1,1
444.247,,0,0,1,0,0,0,1
444.248,,0,0,1,0,0,0,1
444.249,,1,1,1,0,0,1,1
444.250,,0,0,1,0,0,0,1
444.251,,0,0,1,1,0,0,1
444.252,,0,1,1,1,1,1,1
444.253,,1,1,1,1,1,1,1
444.254,,0,1,1,0,0,0,1
444.255,,1,1,0,0,1,1,1
444.257,,1,1,1,0,0,1,1
444.258,,0,1,1,0,0,0,1
444.259,,0,0,1,0,0,0,1
444.260,,0,1,0,0,0,1,1
444.261,,0,1,1,0,1,1,1
444.262,,0,0,0,0,0,1,1
444.263,,0,0,0,0,0,0,1
444.264,,0,0,1,0,0,0,1
444.265,,1,1,1,0,1,1,1
444.266,,0,0,0,0,0,1,1
444.267,,0,0,1,0,0,1,1
444.268,,1,1,1,1,1,1,1
444.269,,0,0,1,0,1,1,1
444.270,,0,0,1,1,1,0,1
444.271,,1,1,1,1,1,0,1
444.272,,0,0,0,0,0,0,1
444.273,,0,0,1,0,1,1,1
444.274,,0,0,0,0,0,1,1
444.275,,1,1,1,0,0,1,1
444.277,,1,1,1,0,1,1,1
444.278,,0,0,0,0,0,0,1
444.279,,1,1,1,0,1,1,1
444.280,,0,1,1,0,0,1,1
444.282,,0,0,1,0,0,0,1
444.283,,0,0,0,0,0,0,0
444.284,,0,0,1,0,1,1,1
444.285,,1,1,0,1,1,0,1
444.286,,0,0,0,0,0,0,1
444.287,,0,1,0,0,0,0,1
444.288,,0,0,0,0,0,0,1
444.290,,0,0,0,0,0,1,1
444.291,,0,1,1,0,1,1,1
444.292,,0,0,1,0,1,0,1
444.293,,0,0,0,0,0,1,1
444.294,,0,0,1,0,0,1,1
444.295,,0,0,1,0,0,1,1
444.296,,1,0,1,0,0,0,1
444.297,,0,0,1,0,1,0,1
444.298,,0,0,1,0,0,1,1
444.299,,0,0,0,0,0,1,1
444.300,,0,1,1,0,1,1,1
444.301,,0,0,0,0,0,0,0
444.302,,1,0,1,0,0,1,1
444.304,,0,0,0,0,0,0,1
444.305,,0,1,1,0,0,1,1
444.307,,0,0,0,0,0,1,1
444.308,,0,0,0,0,0,1,1
444.309,,1,1,1,0,0,1,1
444.310,,0,0,1,0,0,1,1
444.311,,0,0,0,0,0,0,0
444.312,,0,0,1,0,0,1,1
444.313,,0,0,0,0,0,0,0
444.314,,1,1,1,1,1,1,1
444.315,,1,1,1,0,1,1,1
444.316,,0,1,1,0,0,0,1
444.317,,0,1,1,0,0,1,1
444.318,,1,1,1,0,0,1,1
444.319,,0,0,1,0,0,0,1
444.320,,0,1,1,0,0,1,1
444.321,,0,0,0,0,0,1,1
444.322,,0,0,0,0,0,0,0
444.323,,0,0,0,0,0,1,1
444.324,,0,0,1,0,0,0,1
444.325,,0,0,0,0,0,1,1
444.326,,0,1,0,0,0,0,1
444.327,,0,0,1,0,0,1,1
444.328,,0,1,1,0,0,0,1
444.329,,0,0,0,0,0,0,0
444.330,,0,1,0,0,0,1,1
444.331,,0,0,0,0,0,0,0
444.332,,0,0,0,0,0,0,0
444.333,,0,0,0,0,0,0,0
444.334,,0,0,0,1,0,1,1
444.335,,0,0,0,0,0,0,0
444.336,,0,1,0,0,0,0,1
444.337,,1,1,1,1,1,1,1
444.338,,0,0,1,0,0,1,1
444.339,,0,0,1,0,0,1,1
444.340,,1,0,1,0,0,1,1
444.341,,0,0,0,0,0,0,0
444.342,,0,0,0,0,0,1,1
444.343,,0,0,0,0,0,0,0
444.344,,0,0,1,0,0,1,1
444.345,,0,0,0,0,0,1,1
444.346,,0,1,0,0,0,1,1
444.347,,0,1,1,1,1,1,1
444.348,,0,1,1,0,1,0,1
444.349,,0,0,0,0,1,1,1
444.350,,1,0,1,0,1,0,1
444.351,,1,1,1,0,0,1,1
444.352,,0,1,0,0,1,1,1
444.353,,0,1,1,0,1,1,1
444.354,,0,0,0,0,1,1,1
444.355,,1,1,1,0,1,1,1
444.356,,0,1,1,0,0,0,1
444.357,,0,1,1,0,1,1,1
444.358,,0,1,1,0,0,1,1
444.359,,0,0,1,0,1,1,1
444.360,,0,0,1,0,0,1,1
444.361,,0,0,0,0,0,0,1
444.362,,0,0,1,0,0,0,1
444.363,1,1,0,1,0,0,0,1
444.364,,0,0,1,0,0,1,1
444.365,,1,1,1,0,0,1,1
444.366,,0,0,0,0,0,0,0
444.367,,0,0,1,0,0,1,1
444.368,,0,0,0,0,0,0,0
444.369,,0,1,1,0,0,1,1
444.370,,0,0,0,0,0,1,1
444.371,,0,0,0,0,0,0,0
444.372,,0,0,0,0,0,0,0
444.373,,0,0,0,0,1,1,1
444.374,,1,0,1,0,0,1,1
444.375,,1,0,1,0,0,1,1
444.376,,0,0,0,0,0,0,0
444.377,,0,0,0,0,0,1,1
444.378,,0,0,0,0,0,1,1
444.379,,0,0,0,0,0,0,0
444.380,,0,0,1,0,1,1,1
444.381,,0,0,1,1,1,0,1
444.382,,0,0,0,0,0,0,0
444.383,,1,1,1,0,1,1,1
444.384,,0,1,0,0,0,1,1
444.385,,0,0,1,0,0,1,1
444.386,,0,0,1,0,0,0,1
444.387,,0,0,1,0,0,0,1
444.389,,0,0,1,0,0,0,1
444.390,,0,0,0,0,0,0,1
444.391,,0,0,0,0,0,0,1
444.392,,0,0,0,0,0,0,0
444.393,,0,0,0,0,0,0,0
444.394,,0,0,0,0,0,0,0
444.395,,0,0,0,0,0,1,1
444.396,,0,0,1,0,0,1,1
444.397,,0,0,0,0,0,0,0
444.398,,0,0,0,0,0,0,0
444.399,,0,0,0,0,0,0,0
444.400,,0,0,1,0,0,1,1
444.401,,0,0,0,0,0,0,1
444.402,,0,0,1,0,0,1,1
444.403,,0,1,0,0,0,0,1
444.404,,0,0,0,0,0,1,1
444.405,,1,1,1,0,0,1,1
444.406,,0,0,1,0,0,1,1
444.407,,0,0,0,0,0,0,0
444.408,,0,0,0,0,0,0,0
444.409,,0,0,1,0,0,1,1
444.410,,0,0,0,0,0,0,0
444.411,,0,0,0,0,0,0,0
444.412,,0,0,1,0,0,0,1
444.413,,0,0,1,0,0,0,1
444.414,,0,0,1,0,0,1,1
444.415,,0,1,1,0,0,0,1
444.416,,0,0,0,0,0,1,1
444.417,,0,0,0,0,0,0,0
444.418,,0,0,0,0,0,0,1
444.419,,0,0,0,0,0,1,1
444.420,,0,0,0,0,0,1,1
444.421,,0,0,0,0,0,0,0
447.002,,0,1,1,0,1,0,1
447.004,,1,1,1,1,1,1,1
447.005,,0,1,1,0,1,1,1
447.006,,0,1,1,0,1,1,1
447.007,,0,0,1,1,1,1,1
447.008,,0,1,1,0,1,1,1
447.009,,1,1,1,1,1,1,1
447.010,,1,1,1,1,0,0,1
447.011,,1,1,1,1,1,1,1
447.012,,0,1,1,0,0,0,1
447.013,,0,0,0,0,0,0,0
447.014,,0,1,1,0,1,1,1
447.015,1,0,0,1,0,1,1,1
447.016,,1,1,1,0,1,1,1
447.018,,1,1,1,1,1,1,1
447.019,,0,1,1,0,1,1,1
447.020,,0,0,0,0,0,0,0
447.021,,0,1,1,0,1,1,1
447.022,,0,1,1,0,0,0,1
447.023,,0,0,0,0,0,0,0
447.024,,0,1,1,0,1,1,1
447.025,,0,1,1,0,0,1,1
447.026,,0,0,0,0,0,0,0
447.027,,0,0,1,0,0,0,1
447.028,,0,0,0,0,0,0,0
447.029,,0,1,1,0,1,1,1
447.031,,0,1,1,0,1,1,1
447.032,,0,0,0,0,0,0,0
447.033,,0,0,1,0,0,1,1
447.034,,0,1,1,0,1,1,1
447.036,,1,1,1,1,1,1,1
447.037,,1,1,1,0,1,0,1
447.038,,0,1,1,0,1,1,1
447.039,,0,0,0,0,0,0,1
447.040,,0,0,0,0,0,0,0
447.043,,0,1,1,0,0,1,1
447.045,,0,0,0,0,0,0,0
447.046,,0,1,1,0,0,1,1
447.047,,0,1,1,0,0,0,1
447.048,,0,1,1,0,1,1,1
447.049,,0,1,1,0,1,1,1
447.050,,1,1,1,1,1,1,1
447.051,,0,0,0,0,0,0,0
447.052,,0,1,0,0,0,0,1
447.055,,0,0,1,0,1,1,1
447.056,,0,0,0,0,0,0,0
447.057,,0,0,0,0,1,1,1
447.058,,0,1,1,0,1,1,1
447.059,1,1,1,1,1,1,1,1
447.060,,0,1,1,0,1,1,1
447.061,,0,1,0,0,0,0,1
447.062,,0,0,1,0,0,0,1
447.063,,0,0,1,0,0,1,1
447.064,,0,1,0,0,0,0,1
447.065,,0,0,0,0,0,0,0
447.066,,0,0,1,0,0,0,1
447.067,,0,1,0,0,0,0,1
447.068,,0,0,1,0,0,0,1
447.069,,0,1,1,0,0,0,1
447.071,,0,1,1,0,0,1,1
447.072,,0,0,0,0,0,0,0
447.073,,0,0,1,0,0,0,1
447.074,,1,0,1,0,0,0,1
447.075,,0,0,0,0,0,0,1
447.076,,0,0,0,0,0,0,1
447.077,,0,0,0,0,0,0,1
447.080,,0,0,0,0,0,0,0
447.081,,1,1,1,0,0,0,1
447.083,1,1,1,1,1,1,1,1
447.084,,0,0,0,0,0,0,1
447.085,,0,1,0,0,0,0,1
447.086,,1,1,1,0,0,0,1
447.087,,0,0,1,0,0,0,1
447.088,,1,1,1,0,1,1,1
447.089,,1,1,1,1,1,1,1
447.090,,1,1,1,0,0,1,1
447.091,,1,0,1,0,1,0,1
447.093,,0,0,0,0,0,0,1
447.094,,1,1,0,0,0,1,1
447.095,1,1,1,1,0,1,1,1
447.096,,0,0,0,0,0,0,0
447.097,,0,1,1,0,0,1,1
447.098,,0,1,1,0,0,1,1
447.099,,0,0,0,0,0,0,1
447.100,,0,0,1,0,0,0,1
447.101,,1,0,1,0,0,1,1
447.102,,0,0,1,0,0,0,1
447.103,,0,0,1,0,1,0,1
447.104,,0,0,1,0,0,0,1
447.105,,0,1,1,0,0,0,1
447.106,,0,1,1,0,0,0,1
447.107,,1,0,1,0,0,0,1
447.108,,0,1,1,0,0,0,1
447.109,,0,1,0,0,0,1,1
447.110,,0,1,0,0,0,1,1
447.111,,0,0,1,0,0,0,1
447.112,,0,1,1,0,1,1,1
447.113,,1,0,1,0,0,0,1
447.114,,1,0,0,0,0,0,1
447.115,,1,0,1,0,0,0,1
447.116,,1,0,1,0,0,1,1
447.117,,0,0,0,0,0,0,0
447.118,,0,0,1,0,0,0,1
447.119,,1,1,1,0,1,1,1
447.120,,0,1,0,0,0,0,1
447.121,,0,1,1,0,0,0,1
447.122,,0,1,1,0,0,1,1
447.123,,0,0,1,0,0,0,1
447.124,,0,0,0,0,1,1,1
447.125,,0,0,1,0,0,0,1
447.126,,1,1,1,0,1,1,1
447.127,,0,1,1,0,1,1,1
447.128,,1,1,1,1,1,1,1
447.129,,0,1,1,0,1,1,1
447.130,,0,0,1,0,0,0,1
447.131,,0,0,0,0,0,0,0
447.132,,1,1,1,0,0,0,1
447.133,,0,0,1,0,0,1,1
447.134,,0,0,1,0,0,0,1
447.135,,1,1,1,0,0,0,1
447.136,,0,1,1,0,1,0,1
447.137,,0,1,1,0,1,1,1
447.138,,0,1,1,0,1,1,1
447.139,,0,0,1,0,0,0,1
447.142,,1,1,1,0,1,1,1
447.143,1,1,1,1,0,1,1,1
447.144,,1,1,1,1,1,1,1
447.145,,0,0,1,0,0,0,1
447.146,,0,0,0,0,0,0,1
447.148,,0,1,1,0,0,0,1
447.149,1,1,1,1,1,1,1,1
447.150,,0,1,1,0,1,1,1
447.151,,0,0,1,0,0,0,1
447.152,,0,0,1,0,1,0,1
447.153,,0,0,1,0,0,0,1
447.155,,1,1,1,1,0,1,1
447.156,,0,0,0,0,1,0,1
447.157,,1,0,0,0,0,0,1
447.158,,0,0,0,0,0,0,0
447.159,,1,1,1,0,0,1,1
447.160,,1,1,1,1,1,1,1
447.163,,0,0,1,0,0,0,1
447.164,,1,1,1,0,1,1,1
447.165,,0,1,1,0,0,1,1
447.166,,1,1,1,0,1,1,1
447.167,,1,1,1,0,0,1,1
447.168,,1,1,1,0,0,1,1
447.169,,0,1,1,0,1,1,1
447.170,,1,1,1,0,1,1,1
447.171,,0,1,1,0,0,1,1
447.173,,0,0,1,0,0,0,1
447.174,,0,0,0,0,0,0,1
447.175,,1,0,1,0,0,0,1
447.176,,0,0,0,0,1,1,1
447.177,,0,0,0,0,0,0,0
447.178,,0,1,1,0,0,0,1
447.179,,1,1,1,0,1,0,1
447.180,,0,0,0,0,0,0,0
447.181,,0,1,1,0,0,1,1
447.182,,0,0,1,0,0,0,1
447.183,,0,0,1,0,1,0,1
447.184,,0,1,1,0,0,1,1
447.185,,0,0,0,0,0,0,0
447.186,,1,1,1,1,1,1,1
447.188,,0,1,1,0,0,1,1
447.189,,0,0,0,0,0,0,0
447.190,,0,0,0,0,0,0,0
447.191,,0,0,0,0,0,0,0
447.192,,0,0,0,0,0,0,0
447.193,,1,1,1,0,1,1,1
447.196,,0,1,0,0,0,1,1
447.197,,0,0,1,0,0,0,1
447.198,,0,1,1,0,0,0,1
447.199,,0,0,1,0,0,0,1
447.200,1,1,1,1,1,1,1,1
447.201,,1,1,1,1,1,1,1
447.202,,0,0,0,0,0,0,1
447.203,,0,1,1,0,0,1,1
447.204,,1,0,1,0,0,0,1
447.205,,0,0,1,0,0,0,1
447.206,,0,1,1,0,0,0,1
447.207,,0,1,1,0,0,0,1
447.208,,0,1,1,0,1,0,1
447.209,,0,1,0,0,0,0,1
447.210,,0,0,0,0,0,0,0
447.211,,0,1,1,0,0,1,1
447.212,,0,1,1,0,1,0,1
447.213,,0,1,1,0,0,1,1
447.214,,0,1,1,0,1,0,1
447.215,,1,1,1,0,1,1,1
447.216,,0,1,1,0,0,1,1
447.217,,0,1,1,0,0,1,1
447.221,,0,0,1,0,0,0,1
447.222,,0,1,1,0,0,0,1
447.223,,0,1,1,0,0,0,1
447.224,,1,0,1,0,1,0,1
447.225,,0,0,0,0,0,0,0
447.226,,0,0,0,0,0,0,1
447.227,,0,0,0,0,1,0,1
447.228,,0,1,1,1,1,1,1
447.229,,0,0,0,0,0,0,0
447.230,,0,0,1,0,1,0,1
447.231,,1,1,1,1,1,1,1
447.232,,0,0,0,0,0,0,1
447.233,,0,1,1,0,0,1,1
447.234,,0,1,1,0,1,1,1
447.235,,1,1,1,0,1,1,1
447.236,,0,0,1,0,0,0,1
447.237,,0,0,0,0,0,1,1
447.238,,1,0,1,0,0,0,1
447.239,,1,1,1,1,1,1,1
447.240,,1,1,1,0,1,1,1
447.241,,1,1,1,1,1,1,1
447.242,,0,1,0,0,1,1,1
447.243,,1,1,1,1,1,1,1
447.245,,1,1,1,0,0,1,1
447.246,,0,0,1,0,0,1,1
447.247,,0,1,1,0,0,1,1
447.248,,1,1,1,1,0,1,1
447.249,,1,1,1,0,0,0,1
447.250,,0,0,1,0,1,0,1
447.251,,0,1,1,0,0,1,1
447.252,,0,1,1,0,0,1,1
447.253,,1,1,1,1,1,1,1
447.254,,0,1,1,0,1,1,1
447.255,,0,1,1,0,1,1,1
447.256,,0,1,0,0,0,0,1
447.259,,0,0,1,0,1,1,1
447.260,,0,1,1,0,0,1,1
447.261,,0,1,1,0,0,1,1
447.262,,1,1,1,0,0,1,1
447.263,,1,1,1,0,1,1,1
447.264,,0,1,1,0,1,1,1
447.265,,0,1,0,0,0,0,1
447.266,,0,0,0,0,0,0,1
447.267,,0,1,1,0,1,1,1
447.268,,0,0,0,0,0,0,0
447.269,,0,1,1,0,0,0,1
447.270,,0,0,0,0,0,0,1
447.271,,1,1,1,1,1,1,1
447.272,,0,0,0,0,0,0,0
447.273,,0,1,1,0,0,0,1
447.274,,1,1,1,0,0,1,1
447.275,,0,0,0,0,0,0,0
447.277,,0,0,1,0,0,1,1
447.278,,0,1,1,0,0,0,1
447.279,,0,0,1,0,0,0,1
447.280,,0,1,1,0,1,1,1
447.281,,0,1,1,0,1,1,1
447.282,,0,1,1,0,0,1,1
447.283,,1,1,1,0,1,1,1
447.284,,0,0,0,0,0,0,0
447.285,,0,1,1,0,0,1,1
447.286,,1,0,1,0,0,0,1
447.287,,0,1,0,0,0,0,1
447.288,,0,1,1,0,1,0,1
447.289,,0,1,1,0,1,0,1
447.290,,0,1,1,0,1,0,1
447.291,,0,0,1,0,0,0,1
447.292,,0,0,1,0,1,0,1
447.293,,0,0,0,0,0,0,1
447.294,,0,0,0,0,0,0,1
447.296,,0,1,0,0,1,0,1
447.297,,0,0,1,0,0,0,1
447.298,,0,0,1,0,0,1,1
447.299,,0,0,0,0,0,0,1
447.300,,0,0,0,0,0,0,1
447.301,,0,1,1,0,0,0,1
447.302,,0,1,1,0,0,1,1
447.303,,0,0,1,0,0,0,1
447.305,,0,1,1,0,1,1,1
447.308,,1,1,1,0,1,1,1
447.309,,1,1,1,1,1,1,1
447.310,,0,0,0,0,0,0,0
447.311,,0,0,1,0,0,1,1
447.312,,1,1,1,0,1,1,1
447.313,,0,0,1,0,0,1,1
447.314,,0,0,1,0,0,1,1
447.315,,0,0,0,0,0,0,0
447.316,,0,1,1,0,0,1,1
447.317,,0,1,1,0,1,1,1
447.318,,0,0,1,0,0,1,1
447.319,,0,1,1,0,0,1,1
447.321,,0,1,1,0,0,1,1
447.322,,0,0,1,0,0,1,1
447.323,,0,1,1,1,1,1,1
447.324,,0,0,1,0,0,1,1
447.325,,0,0,0,0,0,0,0
447.326,,1,1,1,1,1,1,1
447.327,,0,1,1,0,0,1,1
447.328,,0,1,0,0,0,1,1
447.329,,0,0,0,0,0,0,0
447.330,,0,1,0,0,0,0,1
447.333,,1,1,1,1,1,1,1
447.338,,0,0,0,1,1,1,1
447.339,,1,1,1,0,0,1,1
447.340,,1,1,1,1,1,1,1
447.341,,1,1,1,0,0,0,1
447.342,,1,1,1,1,1,1,1
447.343,,1,1,1,0,1,1,1
447.344,,0,0,0,0,0,0,1
447.345,,0,1,1,0,0,0,1
447.346,,1,1,1,0,0,0,1
447.348,,0,1,1,0,0,0,1
447.349,,1,1,1,1,1,1,1
447.350,,1,1,1,1,1,1,1
447.351,,0,0,0,0,0,0,1
447.354,,0,1,1,0,0,0,1
447.355,,0,0,1,0,1,0,1
447.357,,0,0,0,0,0,0,0
447.358,,1,1,1,0,1,1,1
447.359,,0,1,1,0,1,1,1
447.360,,0,0,1,0,0,1,1
447.361,,1,1,1,1,1,1,1
447.362,,0,1,0,0,0,0,1
447.363,,1,1,1,0,1,1,1
447.364,,0,1,1,0,1,0,1
447.365,,0,1,1,0,1,1,1
447.367,1,0,0,0,0,0,0,0
447.368,,0,0,0,0,0,0,1
447.369,,0,1,0,0,0,0,1
447.370,,0,1,1,0,1,1,1
447.371,,1,1,1,1,0,0,1
447.372,,1,1,1,1,1,1,1
447.373,,1,1,1,0,1,1,1
447.374,,0,0,0,0,0,1,1
447.375,,0,1,1,0,1,1,1
447.377,,0,0,1,0,0,0,1
447.380,,0,0,0,0,0,0,1
447.381,,0,0,0,0,0,0,1
447.382,,0,0,0,0,1,1,1
447.386,,0,0,1,0,0,0,1
447.388,,1,0,1,0,0,0,1
447.389,,0,1,1,0,0,0,1
447.390,,0,1,1,0,0,0,1
447.391,,1,1,1,1,1,1,1
447.392,,0,0,0,0,0,0,0
447.393,,1,0,1,0,0,1,1
447.394,1,1,0,1,0,0,0,1
447.395,,0,0,1,0,0,0,1
447.396,,0,1,1,0,1,1,1
447.397,,0,1,1,0,1,1,1
447.398,,1,1,1,1,1,1,1
447.399,,1,1,1,1,1,1,1
447.400,,0,1,1,0,1,1,1
447.402,,0,1,1,0,0,0,1
447.403,,0,1,1,0,0,0,1
447.404,,1,0,1,0,0,0,1
447.405,,1,0,1,0,0,0,1
447.406,,0,0,1,0,0,0,1
447.407,1,0,0,1,0,0,0,1
447.408,,0,1,1,0,0,0,1
447.409,,0,0,1,0,0,1,1
447.410,,0,0,0,0,0,0,0
447.412,,0,0,1,0,0,0,1
447.413,,0,1,1,0,0,1,1
447.414,,0,1,1,0,0,1,1
447.415,,0,1,1,1,0,1,1
447.417,,0,1,1,0,1,0,1
447.418,,0,1,1,0,0,1,1
447.419,,0,0,1,0,0,0,1
447.421,,0,0,0,0,0,0,1
447.422,,1,1,1,0,1,1,1
447.423,,1,1,1,0,0,0,1
447.425,,1,1,1,0,0,0,1
447.426,,0,1,1,0,0,1,1
447.427,,0,0,1,0,0,0,1
447.428,,0,1,1,0,0,0,1
447.429,,0,0,1,0,0,0,1
447.430,,0,0,1,0,0,0,1
447.431,,0,1,1,0,0,0,1
447.433,1,0,0,1,0,0,0,1
447.434,,1,1,1,1,1,1,1
447.435,,0,1,1,0,0,1,1
447.436,,1,1,1,0,0,1,1
447.439,,0,0,0,0,0,0,0
447.440,,0,1,1,0,0,1,1
447.441,,0,1,1,0,0,1,1
447.442,,0,1,1,0,0,0,1
447.443,,0,0,1,0,0,1,1
447.445,,1,1,1,0,0,0,1
447.446,1,0,0,0,0,0,0,0
447.447,,0,0,1,0,0,0,1
447.448,,0,0,0,0,0,0,0
447.449,,0,0,1,0,0,1,1
447.450,,0,0,1,0,0,0,1
447.451,,0,1,0,0,0,0,1
447.452,,0,0,1,0,0,0,1
447.453,,0,0,0,0,0,1,1
447.454,,1,0,1,0,0,1,1
447.455,,0,1,1,1,1,1,1
447.456,,1,1,1,0,1,0,1
447.457,,1,1,1,0,1,1,1
447.460,,1,0,1,0,0,0,1
447.461,,0,0,1,0,1,1,1
447.463,,0,0,0,0,0,0,0
447.464,,0,1,0,0,0,0,1
447.468,,1,1,1,0,0,1,1
447.469,,1,1,1,0,0,1,1
447.470,,0,1,1,0,1,1,1
447.471,,0,0,1,0,1,0,1
447.472,,1,1,1,0,1,1,1
447.473,,0,1,0,0,0,0,1
447.474,,1,1,1,1,1,1,1
447.476,,0,0,0,0,0,0,0
447.477,,0,0,0,0,0,0,1
447.478,,0,0,0,0,0,1,1
447.479,,0,0,0,0,0,0,1
447.480,,0,0,0,0,0,0,0
447.481,,0,0,0,0,0,0,0
447.482,,0,0,0,0,0,0,0
447.483,,0,0,0,0,0,0,0
447.484,,0,0,1,0,0,0,1
447.485,,0,0,0,0,0,0,0
447.486,,0,0,0,0,0,0,0
447.487,,0,0,1,0,0,0,1
447.488,,0,0,1,0,0,0,1
447.489,,0,0,0,0,0,0,1
447.490,,0,0,1,0,0,0,1
447.491,,0,1,1,0,0,0,1
447.492,,0,0,0,0,0,0,0
447.493,,0,0,0,0,0,0,1
447.495,,1,1,1,0,1,1,1
447.496,,0,1,1,0,0,1,1
447.497,,0,1,1,0,0,1,1
447.498,,0,1,1,0,0,0,1
447.499,,0,0,1,0,0,0,1
447.500,,0,1,1,0,0,1,1
447.501,,0,0,1,0,0,0,1
447.502,,0,0,0,0,0,0,0
447.503,,0,0,0,0,0,0,1
447.505,,0,0,1,0,0,0,1
447.506,,0,0,0,0,0,0,0
447.507,,0,0,0,0,0,0,0
447.508,,0,0,0,0,0,0,0
447.509,,0,1,1,0,0,0,1
447.511,,0,0,0,0,0,0,1
449.001,1,0,0,0,0,0,0,0
449.002,,1,0,1,0,0,0,1
449.003,,1,0,1,0,0,0,1
449.004,,0,1,1,0,1,0,1
449.005,,0,0,1,0,0,0,1
449.007,,1,1,1,0,0,0,1
449.008,,0,0,0,0,0,0,1
449.009,,0,0,1,0,0,0,1
449.010,,0,0,0,0,0,0,0
449.011,,0,0,0,0,0,0,0
449.012,,0,1,1,0,0,0,1
449.013,,0,0,1,0,0,0,1
449.015,,1,1,1,0,1,1,1
449.016,,0,0,1,0,0,0,1
449.017,,0,1,1,0,0,0,1
449.018,,0,1,1,0,1,1,1
449.019,,1,0,1,0,0,0,1
449.020,,1,0,1,0,0,0,1
449.021,,0,0,1,0,0,0,1
449.022,,0,0,1,0,0,0,1
449.023,,0,0,1,0,0,0,1
449.024,,0,0,1,0,0,0,1
449.025,,0,0,1,0,0,0,1
449.026,,1,0,1,0,0,0,1
449.027,,0,1,1,0,0,0,1
449.029,,0,0,1,0,0,0,1
449.032,,1,1,1,0,0,0,1
449.033,,1,0,1,0,0,0,1
449.035,,0,1,0,0,0,0,1
449.036,,1,0,1,0,0,0,1
449.037,,0,1,1,0,1,0,1
449.038,,0,0,0,0,0,0,0
449.039,,0,1,1,0,0,0,1
449.040,,1,0,1,0,0,0,1
449.041,,0,1,1,0,0,0,1
449.042,,0,0,1,0,0,0,1
449.044,,0,0,1,0,0,0,1
449.046,,0,0,1,0,0,0,1
449.047,,0,0,1,0,0,0,1
449.048,,0,1,1,0,0,1,1
449.049,,1,1,1,0,0,0,1
449.050,,0,0,1,0,0,0,1
449.051,,0,0,1,0,0,0,1
449.052,,0,0,0,0,0,0,0
449.053,,0,1,1,0,0,0,1
449.055,,0,0,0,0,0,0,0
449.056,,0,1,1,0,0,0,1
449.057,,0,1,1,0,0,0,1
449.058,,1,1,0,0,0,0,1
449.059,,1,1,0,0,0,0,1
449.060,,0,0,1,0,0,0,1
449.061,,0,1,1,0,0,1,1
449.062,,0,1,1,0,0,1,1
449.063,,0,1,1,0,0,0,1
449.064,,0,0,0,0,0,0,1
449.065,,0,1,0,0,0,0,1
449.066,,0,1,1,0,0,0,1
449.067,,0,0,0,0,0,0,0
449.068,,0,1,0,0,0,0,1
449.069,,0,1,0,0,0,0,1
449.070,,0,1,1,0,0,0,1
449.071,,0,0,0,0,0,0,0
449.072,,0,0,0,0,0,0,0
449.073,,0,0,0,0,0,0,1
449.074,,0,1,1,0,0,1,1
449.075,,0,0,0,0,0,0,1
449.076,,0,1,1,0,0,0,1
449.077,,0,0,0,0,0,1,1
449.078,,0,0,0,0,0,0,1
449.079,,0,0,1,0,0,0,1
449.080,,0,1,0,0,0,0,1
449.081,,0,1,0,0,0,0,1
449.082,,0,1,1,0,0,0,1
449.083,,0,0,0,0,1,0,1
449.084,,0,1,0,0,0,0,1
449.085,,0,1,0,0,0,0,1
449.086,,0,1,0,0,0,0,1
449.087,,0,1,1,0,0,0,1
449.088,,0,1,0,0,0,0,1
449.089,,0,1,1,0,0,0,1
449.090,,0,1,0,0,0,0,1
449.091,,0,1,0,0,0,0,1
449.092,,0,1,1,0,1,0,1
449.093,,0,1,0,0,0,0,1
449.094,,0,1,0,0,0,0,1
449.095,,0,1,1,0,0,0,1
449.096,,0,1,1,0,0,0,1
449.097,,0,0,1,0,0,0,1
449.098,,0,0,1,0,1,0,1
449.099,,0,0,0,0,0,0,0
449.100,,0,0,0,0,0,0,0
449.101,,0,0,0,0,0,0,0
449.102,,0,0,0,0,0,0,0
449.103,1,0,0,0,0,0,0,1
449.104,,0,1,0,0,0,1,1
449.105,,0,0,0,0,0,0,0
449.106,,0,0,0,0,0,0,0
449.107,,0,0,0,0,0,0,0
449.108,,0,0,0,0,0,0,0
449.109,,0,0,0,0,0,0,0
449.110,,0,0,0,0,0,0,0
449.111,,0,0,0,0,0,0,0
449.112,,0,0,1,0,0,0,1
449.113,,0,0,0,0,0,0,0
449.114,,0,0,0,0,0,0,1
449.115,,0,0,0,0,0,0,0
449.116,,0,0,0,0,0,0,0
449.117,,0,0,0,0,0,0,1
449.118,,0,0,1,0,0,1,1
449.119,,0,0,0,0,0,1,1
449.120,,0,0,0,0,0,0,0
449.121,,0,0,0,0,0,0,0
449.122,,0,0,0,0,0,0,0
449.123,,0,0,0,0,0,0,1
449.124,,0,0,0,0,0,0,0
449.125,,0,0,0,0,0,0,0
449.126,,0,0,0,0,0,0,0
449.127,,0,0,0,0,0,0,0
449.128,,0,0,0,0,0,1,1
449.129,,0,1,1,1,0,1,1
449.130,,0,0,0,0,0,1,1
449.131,,0,1,0,0,0,1,1
449.132,,0,0,1,0,0,1,1
449.133,,0,1,0,0,0,0,1
449.134,,0,0,0,0,0,1,1
449.135,,0,1,1,0,0,1,1
449.136,,0,0,1,0,0,0,1
449.137,,0,0,0,0,0,0,1
449.138,,0,0,0,0,0,0,1
449.139,,0,0,0,0,0,0,1
449.140,,0,1,1,0,0,0,1
449.141,,0,0,0,0,0,0,0
449.142,,0,0,0,0,0,0,1
449.143,,0,0,0,0,0,0,1
449.144,,0,0,0,0,0,0,1
449.145,,0,0,0,0,0,0,1
449.146,,0,1,0,0,1,1,1
449.147,,0,0,0,0,0,0,1
449.148,,0,0,1,0,0,0,1
449.149,,0,1,0,0,0,0,1
449.150,,0,0,0,0,0,0,0
449.151,,0,0,0,0,1,0,1
449.152,,0,0,1,0,0,0,1
449.155,,0,0,0,0,0,0,0
449.156,,0,1,0,0,0,0,1
449.157,,0,1,1,0,0,1,1
449.158,,0,1,0,0,0,1,1
449.159,,0,1,1,0,0,0,1
449.160,,0,1,0,0,0,0,1
449.161,,0,0,0,0,0,0,1
449.162,,0,1,1,0,0,0,1
449.163,,0,1,1,0,0,0,1
449.164,,0,1,1,1,0,0,1
449.165,,0,1,0,0,0,0,1
449.166,,0,0,1,0,0,0,1
449.167,,0,1,0,0,1,0,1
449.168,,0,1,0,1,0,0,1
449.169,,1,0,0,0,0,0,1
449.170,,0,0,0,0,0,0,0
449.171,,0,0,0,0,0,0,0
449.172,,0,1,0,0,0,0,1
449.174,,0,1,0,0,0,0,1
449.175,,0,0,1,0,0,0,1
449.176,,0,1,0,0,0,0,1
449.177,,0,0,0,0,0,1,1
449.179,,0,1,1,0,0,0,1
449.180,,0,0,0,0,0,0,1
449.181,,0,0,0,0,0,0,0
449.184,,1,0,1,0,0,1,1
449.185,,0,0,0,0,0,1,1
449.188,,0,0,0,0,0,0,0
449.190,,0,0,0,0,0,0,0
449.191,,0,1,0,0,0,0,1
449.192,,0,1,1,0,0,0,1
449.193,,0,0,0,0,0,1,1
449.194,,1,1,0,0,0,1,1
449.195,,0,0,0,0,0,0,0
449.196,,0,0,1,0,0,0,1
449.197,,0,1,0,0,0,0,1
449.198,,0,1,0,0,0,0,1
449.199,,0,0,0,0,0,0,1
449.200,,0,1,0,0,0,0,1
449.201,,0,1,1,0,0,0,1
449.203,,0,0,0,0,0,0,1
449.204,,0,1,1,0,0,0,1
449.205,,0,1,0,0,0,0,1
449.206,,0,0,0,0,0,0,0
449.207,,0,0,0,0,0,1,1
449.208,,0,0,0,0,0,0,1
449.209,,0,0,0,0,0,0,1
449.210,,0,1,1,0,1,0,1
449.211,,0,0,0,0,0,0,1
449.212,,0,0,0,0,0,0,1
449.213,,0,0,0,0,0,0,1
449.214,,0,0,0,0,0,0,0
449.215,,0,0,0,0,0,0,1
449.216,,0,0,0,0,0,0,1
449.217,,0,0,1,0,0,0,1
449.218,,0,1,0,0,0,0,1
449.219,,0,0,0,0,0,0,1
449.220,,0,0,1,0,0,0,1
449.221,,1,1,1,0,0,0,1
449.222,,1,1,1,0,0,0,1
449.223,,0,0,1,0,0,0,1
449.224,,0,0,0,0,0,0,0
449.226,1,0,1,1,0,0,0,1
449.227,,0,1,1,0,0,0,1
449.228,,0,0,0,0,0,0,0
449.229,,0,1,0,0,0,0,1
449.230,,0,1,1,0,0,0,1
449.231,,0,0,1,0,0,0,1
449.232,,0,0,0,0,0,0,1
449.233,,0,0,0,0,0,0,1
449.234,,0,0,0,0,0,0,1
449.235,,0,0,0,0,0,0,1
449.236,,1,1,0,0,0,0,1
449.237,,0,1,0,0,0,0,1
449.238,,0,1,0,0,0,0,1
449.239,,0,1,1,0,0,0,1
449.240,,0,0,0,0,0,0,1
449.241,,0,1,0,0,0,1,1
449.242,,0,0,1,0,0,0,1
449.243,,0,0,0,0,0,0,1
449.244,,0,0,0,0,0,0,1
449.245,,0,1,0,0,0,0,1
449.246,,0,0,0,0,0,0,1
449.247,,0,0,0,0,0,0,1
449.248,,0,1,1,0,0,0,1
449.249,,0,1,0,0,0,0,1
449.250,,0,0,0,0,0,0,1
449.251,,0,0,0,0,0,0,1
449.252,,0,1,0,0,0,0,1
449.253,,0,0,0,0,0,0,1
449.254,,0,1,1,0,0,0,1
449.255,,0,0,0,0,0,0,1
449.256,,0,0,0,0,0,0,1
449.257,,0,1,0,0,0,0,1
449.258,,0,0,1,0,0,0,1
449.259,,0,0,1,0,0,0,1
449.260,,1,0,1,0,0,0,1
449.261,,0,0,0,0,0,0,1
449.262,,0,0,0,0,0,0,1
449.263,,0,0,0,0,0,0,1
449.264,,0,1,1,0,0,0,1
449.265,,0,1,1,0,0,0,1
449.266,,0,0,1,0,0,0,1
449.267,,0,0,1,0,0,0,1
449.268,,0,0,0,0,0,0,1
449.270,,0,0,0,0,0,0,1
449.271,,0,0,1,0,0,0,1
449.272,,0,1,0,0,0,0,1
449.273,,0,0,0,0,0,0,1
449.274,,0,0,0,0,0,0,0
449.275,,0,0,1,0,0,0,1
449.276,,0,0,1,0,0,0,1
449.277,,0,0,0,0,0,0,0
449.278,,0,0,1,0,0,0,1
449.279,,1,0,1,0,0,0,1
449.280,,0,0,1,0,0,0,1
449.281,,0,0,1,0,0,0,1
449.282,,0,0,1,0,0,0,1
449.283,,0,0,0,0,0,0,0
449.284,,0,0,0,0,0,1,1
449.285,,0,0,0,0,0,0,1
449.286,,0,1,1,0,0,1,1
449.287,,0,1,0,0,0,0,1
449.288,,0,0,0,0,0,0,0
449.289,,1,0,1,0,0,0,1
449.290,,0,0,1,0,0,0,1
449.291,,0,0,1,0,0,0,1
449.292,,0,1,1,0,1,1,1
449.294,,0,0,0,0,0,0,1
449.295,,0,0,0,0,0,0,0
449.296,,0,1,1,0,0,1,1
449.297,,0,0,1,0,0,0,1
449.299,,0,0,1,0,0,0,1
449.300,,0,1,1,0,1,0,1
449.301,,0,0,0,0,0,0,1
449.302,,0,0,0,0,0,0,0
449.303,,0,0,0,0,0,0,0
449.304,,1,0,0,0,0,0,1
449.305,,0,0,0,0,0,0,1
449.306,,0,1,0,0,0,0,1
449.307,,0,1,0,0,0,0,1
449.308,,0,1,0,0,0,1,1
449.309,,0,0,0,0,0,0,0
449.311,,0,0,0,0,1,0,1
449.312,,0,0,0,0,0,0,0
449.313,,0,1,1,0,0,0,1
449.316,,0,0,0,0,0,1,1
449.317,,0,1,0,0,0,0,1
449.318,,0,0,0,0,0,0,1
449.319,,0,1,1,0,0,0,1
449.320,,0,0,0,0,0,0,1
449.321,,0,1,0,0,0,0,1
449.322,,1,1,1,0,0,0,1
449.323,,0,1,1,0,0,0,1
449.324,,0,0,0,0,0,0,0
449.325,,0,0,0,0,0,0,0
449.326,,0,0,0,0,0,0,1
449.327,,1,1,1,0,0,0,1
449.328,,0,0,0,0,0,0,0
449.329,,0,1,0,0,0,0,1
449.330,,0,0,0,0,0,0,0
449.331,,0,0,1,0,0,0,1
449.332,,0,0,0,0,0,0,1
449.333,,0,1,1,0,0,0,1
449.334,,0,0,0,0,0,0,0
449.335,,0,0,0,0,0,0,0
449.336,,0,0,0,0,0,0,0
449.337,,0,0,0,0,0,0,0
449.338,,0,0,0,0,0,0,0
449.339,,0,0,0,0,0,0,0
449.340,,0,0,0,0,0,0,0
449.341,,0,0,0,0,0,0,0
449.342,,0,0,0,0,0,0,0
449.343,,0,0,0,0,0,0,0
449.344,,0,0,0,0,0,0,0
449.345,,0,0,0,0,0,0,1
449.346,,0,0,0,0,0,0,0
449.347,,0,0,0,0,0,0,0
449.348,,0,1,0,0,0,0,1
449.349,,0,0,0,0,0,0,0
449.350,,0,0,0,0,0,0,1
449.351,,0,0,0,0,0,0,0
449.352,,0,1,0,0,0,0,1
449.353,,0,0,0,0,0,0,0
449.354,,0,0,0,0,0,0,0
449.355,,0,0,0,0,0,0,0
449.356,,0,1,0,0,0,0,1
449.357,,0,0,1,0,0,0,1
449.358,,0,0,0,0,0,0,0
449.359,,0,1,0,0,0,0,1
449.360,,0,0,0,0,0,0,1
449.361,,0,0,0,0,0,0,1
449.362,,0,0,0,0,0,0,1
449.363,,0,0,0,0,0,0,0
449.364,,0,0,1,0,0,0,1
449.366,,0,0,0,0,0,0,0
449.367,,0,0,0,0,0,0,0
449.368,,0,1,0,0,0,0,1
449.369,,0,0,0,0,0,0,1
449.370,,0,0,0,0,0,0,0
449.371,,0,0,0,0,0,0,1
449.372,,0,1,1,0,0,0,1
449.374,,0,1,0,0,0,1,1
449.375,,0,0,0,0,0,0,1
449.376,,0,0,1,0,0,0,1
449.377,,0,0,0,0,0,0,0
449.378,,0,1,1,0,0,0,1
449.379,,0,0,1,0,0,1,1
449.380,,0,0,0,0,0,0,1
449.381,,0,0,1,0,0,0,1
449.383,,0,0,0,0,0,0,0
449.385,,0,0,0,0,0,0,1
449.386,,0,0,0,0,0,0,0
449.387,,0,0,0,0,1,0,1
449.388,,0,0,0,0,0,0,0
449.391,,0,0,1,0,0,0,1
449.392,,0,0,0,0,0,0,0
449.393,,0,0,0,0,0,0,0
449.394,,0,0,0,0,0,0,0
449.395,,0,0,0,0,0,0,1
449.396,,0,0,0,0,0,0,1
449.397,,0,0,0,0,0,0,1
449.398,,0,0,0,0,0,0,1
449.399,,0,1,1,0,0,0,1
449.400,,0,1,0,0,0,0,1
449.401,,0,0,1,0,0,0,1
449.402,,0,0,1,0,0,0,1
449.403,,0,1,1,0,0,0,1
449.405,,0,0,0,0,0,0,1
449.406,,0,1,1,0,0,0,1
449.407,,0,1,1,0,0,0,1
449.408,,0,1,1,0,0,1,1
449.410,,0,0,1,0,0,0,1
449.412,,0,1,0,0,0,0,1
449.413,,0,0,0,0,0,0,1
449.414,1,0,0,1,0,0,0,1
449.416,,0,1,1,0,0,0,1
449.417,,0,0,1,0,0,0,1
449.418,,0,0,1,0,0,0,1
449.419,,0,0,0,0,0,0,0
449.420,,0,1,0,0,0,1,1
449.421,,0,1,0,0,0,0,1
449.422,,0,0,0,0,0,0,1
449.423,,0,0,1,0,0,0,1
449.424,,0,0,0,0,0,1,1
449.425,,0,1,1,0,0,0,1
449.426,,0,1,0,0,0,0,1
449.427,,0,0,1,0,0,0,1
449.428,,1,0,1,0,0,1,1
449.429,,0,0,0,0,0,0,0
449.430,,0,0,0,0,0,0,0
449.431,,0,1,0,0,0,0,1
449.432,,0,1,0,0,0,0,1
449.433,,0,0,1,0,0,0,1
449.434,,0,0,0,0,0,0,0
449.436,,0,0,0,0,0,0,1
449.437,,0,0,0,0,0,1,1
449.438,,0,0,0,0,0,0,0
449.439,,0,0,0,0,0,0,0
449.440,,0,0,0,0,0,0,0
449.441,,0,0,0,0,0,0,0
449.442,,0,0,0,0,0,0,0
449.443,,1,0,1,0,0,0,1
449.444,1,0,0,1,0,0,0,1
449.445,,0,0,1,0,0,0,1
449.446,,0,0,1,0,0,0,1
449.447,,0,0,0,0,0,0,0
449.448,,0,0,0,0,0,0,1
449.449,,0,1,1,0,0,0,1
449.450,,0,0,0,0,0,0,1
